Package,Overall,FinalRiskScore,Score
flatbuffers,7.73,0.638825452,99
charset-normalizer,7.54,0.753981657,91
requests,7.51,0.515598341,96
pyhanko,6.95,0.657217689,87
defusedxml,6.84,0.934873627,75
functions-framework,6.76,0.7688418,83
botocore,6.73,0.294020913,100
cryptography,6.59,0.847395434,97
click,6.57,0.786075881,97
aiohttp,6.57,0.327320982,97
pyarrow,6.54,0.534830208,94
flask,6.46,0.763313977,97
twisted,6.46,0.552022574,89
presidio-analyzer,6.46,0.587152631,81
presidio-anonymizer,6.46,0.588974631,87
markupsafe,6.43,0.855779958,93
certifi,6.41,0.607135444,91
coverage,6.41,0.397446824,97
attrs,6.35,0.827546126,96
scapy,6.32,0.646791599,88
jsii,6.32,0.55815574,97
google-cloud-secret-manager,6.27,0.757513973,100
google-cloud-resource-manager,6.27,0.752782276,94
google-cloud-appengine-logging,6.27,0.789872127,100
google-cloud-datacatalog,6.27,0.750063827,97
google-cloud-container,6.27,0.751118279,97
google-cloud-language,6.27,0.725861571,97
google-cloud-bigquery-datatransfer,6.27,0.747056196,97
google-cloud-workflows,6.27,0.774561121,97
google-cloud-redis,6.27,0.759500125,97
google-cloud-recommendations-ai,6.27,0.78263801,97
google-cloud-dataplex,6.27,0.804686013,97
google-cloud-dataproc-metastore,6.27,0.785848744,97
google-cloud-orchestration-airflow,6.27,0.789801136,91
google-cloud-memcache,6.27,0.779726908,97
google-cloud-dataform,6.27,0.812058141,97
google-cloud-texttospeech,6.27,0.746031872,97
google-cloud-iam,6.27,0.758703033,93
google-cloud-artifact-registry,6.27,0.774823025,93
google-cloud-scheduler,6.27,0.754784141,93
google-cloud-private-ca,6.27,0.767044412,93
google-cloud-os-config,6.27,0.779472389,93
google-cloud-certificate-manager,6.27,0.811758683,88
google-cloud-dialogflow-cx,6.27,0.762607008,93
google-cloud-recaptcha-enterprise,6.27,0.768566551,93
google-cloud-batch,6.27,0.799077981,93
google-cloud-functions,6.27,0.77691577,93
google-cloud-billing,6.27,0.779580041,93
google-cloud-dialogflow,6.27,0.748201867,93
google-cloud-notebooks,6.27,0.782560894,93
google-cloud-documentai,6.27,0.762858654,93
google-cloud-bigquery-reservation,6.27,0.763335537,93
matplotlib,6.24,0.396813469,94
structlog,6.24,0.639746224,93
tables,6.24,0.625031466,94
pillow,6.19,0.390081507,97
tensorflow-io-gcs-filesystem,6.16,0.6379584,94
gvm-tools,6.16,0.614065304,81
yarl,6.11,0.580524187,90
redis,6.05,0.790196394,94
black,6.05,0.502538595,100
cachetools,6.0,0.775973642,87
azure-core,6.0,0.411453435,96
azure-storage-blob,6.0,0.410265266,96
azure-common,6.0,0.411555059,88
azure-identity,6.0,0.411563994,96
azure-keyvault-secrets,6.0,0.413309604,94
azure-keyvault,6.0,0.412988704,88
azure-cosmos,6.0,0.412560134,96
azure-servicebus,6.0,0.409931417,96
azure-keyvault-keys,6.0,0.412461382,94
azure-keyvault-certificates,6.0,0.413258936,91
onnx,5.97,0.634468486,85
bokeh,5.95,0.585996621,100
werkzeug,5.92,0.551480512,97
multidict,5.92,0.609892488,88
pytest,5.86,0.456905797,97
google-cloud,5.86,0.629320066,83
docker-compose,5.86,0.516836621,70
pyparsing,5.84,0.573270314,94
python-gvm,5.78,0.611608049,78
apache-libcloud,5.78,0.637813862,93
seaborn,5.76,0.603997133,94
tensorstore,5.76,0.693362502,91
async-lru,5.73,0.795397993,94
mne,5.7,0.477595761,93
schema-salad,5.7,0.70710758,84
zipp,5.68,0.685200734,82
gitpython,5.68,0.671641247,97
httpx,5.68,0.551984718,100
httpcore,5.68,0.747009623,88
configparser,5.68,0.91594428,81
python-gitlab,5.68,0.654795681,100
lxml,5.65,0.266529022,91
opencensus,5.65,0.718518538,94
opencensus-ext-azure,5.65,0.719258477,94
opencensus-context,5.65,0.720072281,87
google-events,5.65,0.757784646,84
wheel,5.62,0.643444469,91
pygments,5.62,0.627188997,91
onnxconverter-common,5.62,0.624765252,87
pyhanko-certvalidator,5.62,0.649761218,73
blspy,5.62,0.739041742,69
praw,5.62,0.658652797,93
ax-platform,5.62,0.578766216,89
platformdirs,5.59,0.614898023,88
msal,5.59,0.616765952,94
yt-dlp,5.59,0.565168642,85
scrapy,5.59,0.587913223,97
zarr,5.59,0.636913193,90
pycparser,5.57,0.722789175,81
pycryptodomex,5.57,0.651675483,91
pycryptodome,5.57,0.634173958,91
google-cloud-pubsub,5.57,0.716712464,94
hiredis,5.57,0.576936617,83
django,5.54,0.544936339,96
constructs,5.54,0.568188515,94
connexion,5.54,0.531633269,91
mediapipe,5.54,0.74221309,91
importlib-metadata,5.51,0.738331031,90
grpcio,5.51,0.671641247,88
grpcio-tools,5.51,0.671641247,88
absl-py,5.51,0.671641247,94
sentry-sdk,5.51,0.597955601,100
mlflow,5.51,0.488109612,94
astropy,5.51,0.470102579,97
frozenlist,5.49,0.69515444,91
google-api-python-client,5.49,0.654472303,100
cycler,5.49,0.759591482,88
google-cloud-bigquery-storage,5.49,0.7454911,94
google-cloud-firestore,5.49,0.731906354,94
libcst,5.49,0.583152547,97
ujson,5.49,0.651022415,91
service-identity,5.49,0.707211381,85
cwl-utils,5.49,0.767310622,81
async-timeout,5.43,0.758138026,94
oauthlib,5.43,0.814313573,97
dnspython,5.43,0.712805703,91
opentelemetry-api,5.43,0.540125436,100
opentelemetry-sdk,5.43,0.540153946,100
opentelemetry-proto,5.43,0.541015709,100
opentelemetry-exporter-otlp-proto-http,5.43,0.542131325,100
opentelemetry-exporter-otlp-proto-grpc,5.43,0.541781292,100
opentelemetry-exporter-otlp,5.43,0.541198794,97
pydicom,5.43,0.711879052,88
numcodecs,5.43,0.589445085,80
aiocache,5.43,0.758638358,90
opentelemetry-exporter-zipkin-json,5.43,0.541814944,93
opentelemetry-exporter-zipkin-proto-http,5.43,0.541814944,93
opentelemetry-exporter-zipkin,5.43,0.541242085,84
sqlparse,5.41,0.638047486,93
rq,5.41,0.683124303,88
fastai,5.41,0.584740797,80
google-api-core,5.35,0.720813266,94
pyjwt,5.35,0.689097695,94
babel,5.35,0.815605004,97
kombu,5.35,0.671641247,91
djangorestframework-simplejwt,5.35,0.716534504,94
sanic,5.35,0.640311483,97
arviz,5.32,0.556700495,97
typing,5.3,0.6436541,84
dask,5.3,0.599804981,91
authlib,5.3,0.715091095,91
locust,5.3,0.517375745,88
plexapi,5.3,0.732834531,85
idna,5.27,0.638660348,78
gunicorn,5.27,0.643029065,94
responses,5.27,0.572888303,97
tablib,5.27,0.635814048,94
tensorboard,5.24,0.568396287,91
jupyterlab,5.24,0.566267465,97
tensorboard-data-server,5.24,0.572926092,91
streamlit,5.24,0.594815486,97
aiobotocore,5.22,0.727407448,97
omegaconf,5.22,0.615846912,91
google-auth-oauthlib,5.19,0.611642131,94
etils,5.19,0.662135495,87
opentelemetry-propagator-aws-xray,5.19,0.678719643,79
awscli,5.16,0.248354428,96
filelock,5.16,0.60816995,91
soupsieve,5.16,0.703829253,79
proto-plus,5.16,0.671641247,94
xgboost,5.16,0.54611256,91
twine,5.16,0.627062931,94
bidict,5.16,0.671641247,83
pymemcache,5.16,0.713679766,86
pluggy,5.14,0.606995648,91
importlib-resources,5.14,0.75712155,91
scikit-learn,5.14,0.356249168,94
uvicorn,5.14,0.608885295,91
starlette,5.14,0.671641247,97
lightgbm,5.14,0.507142998,100
inflect,5.14,0.755011167,91
flask-login,5.14,0.698140858,86
singledispatch,5.14,0.699763132,78
path,5.14,0.898719747,77
mutagen,5.14,0.743698562,88
python-arango,5.14,0.618810028,88
hubspot-api-client,5.14,0.763423167,85
path-py,5.14,0.891314342,62
photutils,5.14,0.717416842,87
pyodbc,5.11,0.71683541,87
optuna,5.11,0.659978473,91
playwright,5.11,0.606848521,94
versioneer,5.11,0.747156775,85
acme,5.11,0.584622174,97
pyqtgraph,5.11,0.662429305,90
snakemake,5.11,0.562160357,87
msgpack,5.08,0.713972512,88
websockets,5.08,0.616334727,89
jax,5.08,0.613171684,91
jaxlib,5.08,0.61289332,91
rdflib,5.08,0.68293017,97
pydeck,5.08,0.640762382,83
ipython,5.05,0.544012126,94
tokenizers,5.05,0.614749671,91
yapf,5.05,0.621270426,100
google-cloud-spanner,5.05,0.720253293,90
stripe,5.05,0.583135689,91
splunk-sdk,5.05,0.647359955,91
keyrings-alt,5.05,0.773690874,74
awscrt,5.05,0.527929849,87
pymc,5.05,0.776050493,93
pvlib,5.05,0.699157277,87
pyvista,5.05,0.69499369,93
google-resumable-media,5.03,0.74753947,91
poetry-core,5.03,0.723829422,88
networkx,5.03,0.754782163,93
loguru,5.03,0.744367707,91
djangorestframework,5.03,0.595628735,90
elasticsearch-dsl,5.03,0.572691925,94
glances,5.03,0.529146083,87
fastjsonschema,5.0,0.623954964,85
prettytable,5.0,0.602025752,97
yamllint,5.0,0.646092417,90
itsdangerous,4.97,0.877979849,87
python-utils,4.97,0.628213729,84
notebook,4.97,0.671641247,94
jupyterlab-server,4.97,0.600927289,94
pytest-xdist,4.97,0.575409876,90
numexpr,4.97,0.681234555,91
geopandas,4.97,0.671641247,97
kornia,4.97,0.529019385,94
google-cloud-build,4.97,0.76406621,88
python-telegram-bot,4.97,0.655306268,97
google-analytics-data,4.97,0.771825821,90
homeassistant,4.97,0.671641247,93
setuptools,4.95,0.400968822,73
pyyaml,4.95,0.582502359,88
packaging,4.95,0.593759389,97
google-cloud-core,4.95,0.74518312,91
gitdb,4.95,0.671641247,85
hvac,4.95,0.679661315,97
google-cloud-datastore,4.95,0.739163192,90
google-cloud-bigtable,4.95,0.721929491,90
pydriller,4.95,0.747360474,85
pytype,4.95,0.678702986,94
apprise,4.95,0.731503666,85
libpysal,4.95,0.741479444,84
cwl-upgrader,4.95,0.792934246,76
pymysql,4.92,0.845259904,94
zope-interface,4.92,0.499574396,91
apache-airflow,4.92,0.407805441,91
apache-airflow-providers-common-sql,4.92,0.555683084,94
distributed,4.92,0.618979769,91
apache-airflow-providers-http,4.92,0.554740784,91
apache-airflow-providers-imap,4.92,0.554889477,91
apache-airflow-providers-ftp,4.92,0.418313998,91
apache-airflow-providers-sqlite,4.92,0.417826281,91
pillow-heif,4.92,0.777266336,84
fsspec,4.89,0.68849028,94
mypy-extensions,4.89,0.763906219,88
docker,4.89,0.620656234,87
asttokens,4.89,0.775663731,88
pendulum,4.89,0.696941211,78
pre-commit,4.89,0.551639864,94
readme-renderer,4.89,0.612990947,91
pandas-gbq,4.89,0.741566921,86
kfp-pipeline-spec,4.89,0.632609497,87
jira,4.89,0.780184612,94
qtpy,4.89,0.853456494,94
cookiecutter,4.89,0.652367718,97
backports-functools-lru-cache,4.89,0.780299059,75
inquirer,4.89,0.820782724,86
rtree,4.89,0.86258521,81
google-cloud-pipeline-components,4.89,0.633362505,85
databases,4.89,0.733877107,87
onnxmltools,4.89,0.746143232,71
asteval,4.89,0.756814625,76
azure-iot-device,4.89,0.617857289,71
grafanalib,4.89,0.580414526,80
docker-py,4.89,0.485767502,72
sqlalchemy,4.86,0.223702889,100
aiosignal,4.86,0.648895329,85
rapidfuzz,4.86,0.6027596,91
sentencepiece,4.86,0.629722311,92
ecdsa,4.86,0.603893034,81
firebase-admin,4.86,0.602244847,91
nibabel,4.86,0.843481875,83
google-cloud-asset,4.86,0.745429546,81
greenlet,4.84,0.548385084,91
jedi,4.84,0.827410856,94
bleach,4.84,0.700609564,97
behave,4.84,0.720314872,71
channels,4.84,0.660216023,89
pdoc,4.84,0.739038915,88
mock-alchemy,4.84,0.818673725,72
keyring,4.81,0.843216525,88
smart-open,4.81,0.640032384,94
identify,4.81,0.565114526,91
datasets,4.81,0.625855725,97
globus-sdk,4.81,0.757419614,88
mkdocs,4.81,0.535289559,94
pikepdf,4.81,0.588028877,85
petl,4.81,0.709899682,91
prawcore,4.81,0.763753818,81
pip,4.78,0.446073866,96
virtualenv,4.78,0.590201526,100
jsonschema,4.78,0.566904786,91
wcwidth,4.78,0.704142681,85
markdown,4.78,0.859538872,100
tornado,4.78,0.551278058,94
fastapi,4.78,0.509274366,88
argcomplete,4.78,0.722857057,91
pip-tools,4.78,0.5123354,100
icalendar,4.78,0.70925116,91
libtmux,4.78,0.743729415,85
cerberus,4.76,0.730056999,88
xsdata,4.76,0.70645559,78
itables,4.76,0.792699301,76
extensionclass,4.76,0.603321003,81
jaraco-classes,4.73,0.64858105,78
google-cloud-bigquery,4.73,0.692894368,100
isort,4.73,0.638005231,91
jupyter-client,4.73,0.553183333,97
kubernetes,4.73,0.538624518,97
shapely,4.73,0.477426178,88
tox,4.73,0.758437925,97
sphinxcontrib-serializinghtml,4.73,0.671641247,81
sphinxcontrib-htmlhelp,4.73,0.72586338,81
sphinxcontrib-applehelp,4.73,0.717229958,81
sphinxcontrib-devhelp,4.73,0.671641247,82
sphinxcontrib-qthelp,4.73,0.671641247,81
brotli,4.73,0.568848542,97
celery,4.73,0.586074,94
bandit,4.73,0.701251777,95
graphene,4.73,0.673737466,91
google-cloud-trace,4.73,0.751595009,85
tempora,4.73,0.691963829,74
sphinxcontrib-websupport,4.73,0.671641247,79
pyro-ppl,4.73,0.550201233,91
rich-click,4.73,0.623207148,71
param,4.73,0.604805672,77
aiomysql,4.73,0.71658393,86
pyvisa,4.73,0.593845803,78
ibis-framework,4.73,0.552319586,93
casbin,4.73,0.731365419,82
python-dateutil,4.7,0.838665925,86
imageio,4.7,0.709105247,91
flax,4.7,0.69106403,94
gtts,4.7,0.610632281,88
immutables,4.7,0.762041104,88
pint,4.7,0.684152867,85
google-auth,4.68,0.701580505,100
alembic,4.68,0.669175488,94
humanize,4.68,0.581137313,91
phonenumbers,4.68,0.588493152,91
jellyfish,4.68,0.628239147,85
cvxpy,4.68,0.524027777,88
python-sonarqube-api,4.68,0.762477543,77
websocket-client,4.65,0.598535156,97
more-itertools,4.65,0.575406957,94
bcrypt,4.65,0.726182076,88
elasticsearch,4.65,0.542606923,100
kafka-python,4.65,0.678020028,84
google-cloud-logging,4.65,0.721365464,94
lark,4.65,0.712667054,88
librosa,4.65,0.688671585,85
asyncpg,4.65,0.704354969,88
protego,4.65,0.778563753,79
lizard,4.65,0.738034329,69
lark-parser,4.65,0.710830481,70
numpydoc,4.65,0.579132031,88
htbuilder,4.65,0.685121156,76
google-cloud-storage,4.62,0.710825813,94
pyzmq,4.62,0.530916382,97
llvmlite,4.62,0.551658628,91
tensorboardx,4.62,0.650268131,79
django-model-utils,4.62,0.707743198,87
rioxarray,4.62,0.609049237,84
clvm-tools,4.62,0.773214659,65
pyopenssl,4.59,0.687555257,96
build,4.59,0.767533877,94
huggingface-hub,4.59,0.713565762,100
geopy,4.59,0.671641247,97
funcx,4.59,0.741881957,88
tensorflow-probability,4.59,0.576844418,97
numpyro,4.59,0.577251721,82
aws-cdk-core,4.59,0.440770415,90
aws-cdk-aws-iam,4.59,0.439249359,90
pyerfa,4.59,0.611799076,65
aws-cdk-aws-kms,4.59,0.439249359,90
aws-cdk-aws-events,4.59,0.439249359,90
aws-cdk-aws-lambda,4.59,0.439249359,90
aws-cdk-aws-cloudwatch,4.59,0.439249359,90
aws-cdk-aws-logs,4.59,0.439249359,90
aws-cdk-aws-efs,4.59,0.439249359,90
art,4.59,0.786091834,88
asdf,4.59,0.588786766,87
hcloud,4.59,0.75993556,84
arrow,4.57,0.659191871,94
cattrs,4.57,0.743856859,93
types-pyyaml,4.57,0.548265657,97
dataclasses-json,4.57,0.739939059,88
types-requests,4.57,0.546815019,97
mpmath,4.57,0.695357159,87
db-dtypes,4.57,0.796416893,83
trio,4.57,0.625165286,94
outcome,4.57,0.799073753,78
types-pytz,4.57,0.54845514,97
google-cloud-pubsublite,4.57,0.763580232,91
bytecode,4.57,0.624194333,88
types-protobuf,4.57,0.547301879,94
types-python-dateutil,4.57,0.548196466,94
webdriver-manager,4.57,0.666080385,85
polars,4.57,0.49886511,94
gql,4.57,0.734047079,88
types-toml,4.57,0.54881735,94
cssutils,4.57,0.743423244,77
google-cloud-speech,4.57,0.725021669,87
restrictedpython,4.57,0.742116775,88
semgrep,4.57,0.598553913,97
trimesh,4.57,0.569220295,82
folium,4.57,0.690739067,80
urwid,4.57,0.671641247,94
types-pillow,4.57,0.547864651,94
nameparser,4.57,0.743076351,88
types-click,4.57,0.548942808,76
pytest-httpx,4.57,0.918823552,85
pyglet,4.57,0.539687989,88
imapclient,4.57,0.74342947,62
pyomo,4.57,0.688978987,88
pystac,4.57,0.722941245,87
klein,4.57,0.734998873,81
gocardless-pro,4.57,0.752663225,76
mechanicalsoup,4.57,0.603915889,78
rsa,4.54,0.742677869,78
scipy,4.54,0.337577653,94
jupyter-core,4.54,0.583393962,94
pyhamcrest,4.54,0.591003602,69
pyramid,4.54,0.636867956,88
ntc-templates,4.54,0.670333645,82
clvm,4.54,0.773215488,70
pymongo,4.51,0.131913145,94
statsmodels,4.51,0.518383165,90
torchvision,4.51,0.540535121,94
funcx-common,4.51,0.793814512,77
multimethod,4.51,0.642956166,79
torchaudio,4.51,0.591131597,97
questionary,4.51,0.88702411,85
motor,4.51,0.741832536,88
falcon,4.51,0.491275804,89
giturlparse,4.51,0.778640241,82
persistent,4.51,0.554681496,75
pygls,4.51,0.608649079,87
psutil,4.49,0.60049988,96
pynacl,4.49,0.717755926,81
fonttools,4.49,0.547940771,97
setuptools-scm,4.49,0.617739476,97
mypy,4.49,0.542346267,94
semver,4.49,0.671645522,91
pytest-mock,4.49,0.722512692,94
jsonpickle,4.49,0.742490269,94
gspread,4.49,0.831808055,94
pytest-asyncio,4.49,0.742937316,91
sh,4.49,0.644775943,88
google-cloud-vision,4.49,0.737868891,90
kazoo,4.49,0.711655423,82
datasketch,4.49,0.614696603,79
optax,4.49,0.72611119,91
django-phonenumber-field,4.49,0.847617759,91
strawberry-graphql,4.49,0.561858773,97
google-cloud-common,4.49,0.798929758,74
torch-geometric,4.49,0.569653534,78
jupyter-server-proxy,4.49,0.727113231,84
sanic-ext,4.49,0.633465331,77
chess,4.49,0.727469549,82
pandas,4.46,0.820746042,93
billiard,4.46,0.842443724,85
netaddr,4.46,0.739409448,91
logbook,4.46,0.671641247,88
py-spy,4.46,0.607901681,78
geojson,4.46,0.671641247,86
awsiotsdk,4.46,0.610468818,84
domdf-python-tools,4.46,0.657422536,70
spotipy,4.46,0.725925668,84
blosc,4.46,0.638203263,75
pyjnius,4.46,0.733178985,85
iminuit,4.46,0.635088124,81
regex,4.43,0.382117397,81
portalocker,4.43,0.761851078,85
traitlets,4.43,0.631618188,94
toolz,4.43,0.652151859,79
simplejson,4.43,0.598301688,91
nltk,4.43,0.768963608,94
datetime,4.43,0.847643979,79
chex,4.43,0.750200632,94
tensorflow-datasets,4.43,0.57687669,94
pymdown-extensions,4.43,0.608281121,85
minio,4.43,0.70104686,91
treelib,4.43,0.676007095,85
btrees,4.43,0.535540802,71
aiofiles,4.41,0.751449006,88
anyio,4.41,0.741335072,94
marshmallow,4.41,0.675180959,100
oscrypto,4.41,0.774500864,78
faker,4.41,0.462968642,97
pyproj,4.41,0.633420647,97
vine,4.41,0.686072009,78
pyproject-api,4.41,0.673562908,85
pytest-rerunfailures,4.41,0.742973001,88
pyinstaller-hooks-contrib,4.41,0.738377175,82
flask-socketio,4.41,0.716411572,86
biopython,4.41,0.494134228,83
google-cloud-dns,4.41,0.754501945,68
gotrue,4.41,0.638606603,84
pyvisa-py,4.41,0.609467438,78
pyvo,4.41,0.608239348,84
grafana-client,4.41,0.751499292,78
goodtables,4.41,0.717027366,69
requests-toolbelt,4.38,0.649785712,95
orjson,4.38,0.56776913,87
typeguard,4.38,0.675114937,91
libclang,4.38,0.557077078,82
branca,4.38,0.620416509,77
iterfzf,4.38,0.797589317,73
kiwisolver,4.35,0.595092828,91
twilio,4.35,0.597552197,94
schedule,4.35,0.732649945,88
vcrpy,4.35,0.633406315,92
social-auth-core,4.35,0.588118664,88
logzio-python-handler,4.35,0.627018576,79
gpytorch,4.35,0.576617002,87
zodbpickle,4.35,0.672341041,75
trove-classifiers,4.32,0.658613992,94
contourpy,4.32,0.805287543,82
jsonpath-ng,4.32,0.760811564,88
xlsxwriter,4.32,0.659347157,91
typer,4.32,0.675640048,87
cmake,4.32,0.716892593,91
sympy,4.32,0.49260513,87
graphviz,4.32,0.756550078,84
xxhash,4.32,0.664263419,82
uamqp,4.32,0.64087855,91
uvloop,4.32,0.64213083,84
flask-wtf,4.32,0.835963535,94
flask-appbuilder,4.32,0.663991676,97
marshmallow-sqlalchemy,4.32,0.740306926,89
flask-jwt-extended,4.32,0.718552672,88
wtforms,4.32,0.63113018,86
pytest-forked,4.32,0.770386626,79
mkdocs-material,4.32,0.50092197,97
limits,4.32,0.751251346,82
cmdstanpy,4.32,0.624177374,88
flask-limiter,4.32,0.734536826,88
xyzservices,4.32,0.690463535,85
mizani,4.32,0.788268256,73
beartype,4.32,0.904460796,83
pytest-repeat,4.32,0.768287215,85
argh,4.32,0.738019344,82
torchtext,4.32,0.609479639,97
sqlmodel,4.32,0.659033547,70
htmldate,4.32,0.626770398,85
janus,4.32,0.761251723,67
reportportal-client,4.32,0.605026289,79
botorch,4.32,0.582771366,87
awsiotpythonsdk,4.32,0.671641247,68
aiostream,4.32,0.789863841,82
mwparserfromhell,4.32,0.749454352,79
django-graphql-jwt,4.32,0.625634757,80
pywatchman,4.32,0.667936866,71
emcee,4.32,0.589500111,74
python-liquid,4.32,0.673379394,76
mplhep,4.32,0.747692588,84
asyncer,4.32,0.784077794,72
treq,4.32,0.668630647,71
nilearn,4.32,0.665017193,84
exceptiongroup,4.3,0.673229313,79
gevent,4.3,0.671641247,94
bitarray,4.3,0.7221639,91
levenshtein,4.3,0.739885675,81
hyperlink,4.3,0.759290388,73
diskcache,4.3,0.75220722,85
waitress,4.3,0.663899421,87
python-rapidjson,4.3,0.718298947,85
pooch,4.3,0.880708662,83
pymisp,4.3,0.565244127,85
pulp,4.3,0.735791713,83
bottleneck,4.3,0.735679345,72
google-cloud-error-reporting,4.3,0.74219665,81
apsw,4.3,0.775514742,79
mujoco,4.3,0.748819169,88
django-money,4.3,0.710329758,82
altair,4.27,0.690604046,100
pygithub,4.27,0.784472875,94
pywavelets,4.27,0.681690973,87
django-cors-headers,4.27,0.723475437,91
flit-core,4.27,0.603833893,89
whitenoise,4.27,0.65024614,88
sqlglot,4.27,0.6424497,88
uritools,4.27,0.733027542,76
kivy,4.27,0.614348902,90
py-dmidecode,4.27,0.691359394,70
pot,4.27,0.590622189,78
tomlkit,4.24,0.675941815,88
transformers,4.24,0.51401099,94
opt-einsum,4.24,0.618172373,79
apscheduler,4.24,0.723216809,91
userpath,4.24,0.671641247,79
lru-dict,4.24,0.641359104,77
pyinstrument,4.24,0.625187097,85
wmctrl,4.24,0.725845727,73
brotlipy,4.24,0.75907948,63
python-hosts,4.24,0.782704091,76
mnemonic,4.24,0.774347233,67
tortoise-orm,4.24,0.632966091,93
scrapyd,4.24,0.669644926,82
glcontext,4.24,0.780989581,70
pyrsistent,4.22,0.717490926,84
google-pasta,4.22,0.778063716,82
cssselect,4.22,0.875578066,82
emoji,4.22,0.695140752,88
google-cloud-compute,4.22,0.765022492,88
geventhttpclient,4.22,0.671641247,82
google-cloud-ndb,4.22,0.743451966,90
hidapi,4.22,0.850504649,71
dulwich,4.19,0.607677935,100
debugpy,4.19,0.573260322,97
asgiref,4.19,0.718521638,93
opencv-python,4.19,0.562816875,88
gcsfs,4.19,0.720843684,91
opencv-python-headless,4.19,0.583489252,88
fastparquet,4.19,0.569384573,91
pymupdf,4.19,0.676604336,88
opencv-contrib-python,4.19,0.574190173,85
thefuzz,4.19,0.710795892,85
webargs,4.19,0.640026444,94
influxdb-client,4.19,0.613013027,82
opencv-contrib-python-headless,4.19,0.580549188,82
rotary-embedding-torch,4.19,0.831542925,74
libhoney,4.19,0.75014457,63
aws-lambda-typing,4.19,0.634773335,81
tqdm,4.16,0.619815336,96
decorator,4.16,0.7537292,78
mistune,4.16,0.743160829,88
stack-data,4.16,0.713045655,79
pika,4.16,0.538071056,96
gradio,4.16,0.54505163,97
google-cloud-kms,4.16,0.745625903,88
gradio-client,4.16,0.671641247,91
django-filter,4.16,0.670713345,91
flask-migrate,4.16,0.725324124,88
arpeggio,4.16,0.76073483,80
aiorwlock,4.16,0.774172918,67
distrax,4.16,0.768272104,81
graphene-django,4.16,0.676930227,93
sqlite-utils,4.16,0.672416575,85
dataset,4.16,0.724958615,80
traits,4.16,0.63681676,81
markdown-it-py,4.14,0.636462198,95
pyelftools,4.14,0.721939503,67
flower,4.14,0.543484244,82
xarray-einstats,4.14,0.738646245,77
django-celery-results,4.14,0.59225019,85
sparse,4.14,0.667185797,83
getmac,4.14,0.671641247,76
smmap,4.11,0.699797355,85
cython,4.11,0.403906819,96
executing,4.11,0.646274343,82
webcolors,4.11,0.729905337,79
imbalanced-learn,4.11,0.582927621,85
apispec,4.11,0.71020202,89
resolvelib,4.11,0.762762755,83
injector,4.11,0.755092915,88
discord-py,4.11,0.497976846,91
stone,4.11,0.660629153,65
discord,4.11,0.518287016,91
asyncstdlib,4.11,0.663298525,75
bleak,4.11,0.72367936,88
pyecharts,4.11,0.74429607,85
python-binance,4.11,0.560074237,85
httptools,4.08,0.765845585,91
nbclient,4.08,0.61126791,92
pyhcl,4.08,0.652067026,85
fiona,4.08,0.785023155,93
gensim,4.08,0.671641247,94
python-socketio,4.08,0.721468629,88
mkdocs-material-extensions,4.08,0.699629291,76
importlab,4.08,0.783656528,68
httpie,4.08,0.690928893,80
django-object-actions,4.08,0.620393723,82
aioquic,4.08,0.607737089,80
hsluv,4.08,0.671641247,79
corner,4.08,0.885047731,77
parso,4.05,0.878820797,80
requests-mock,4.05,0.742750299,77
cytoolz,4.05,0.895231857,83
packageurl-python,4.05,0.64237809,83
glom,4.05,0.767553483,78
napari,4.05,0.668339092,81
jmespath,4.03,0.751241116,82
googleapis-common-protos,4.03,0.763115661,91
tenacity,4.03,0.650759763,91
typing-inspect,4.03,0.692557797,83
slack-sdk,4.03,0.600411706,97
slackclient,4.03,0.600329624,90
partd,4.03,0.759813236,91
dateparser,4.03,0.706639878,89
click-option-group,4.03,0.786570262,76
soundfile,4.03,0.6792456,77
autograd,4.03,0.597618855,80
sql-metadata,4.03,0.697039057,85
pandera,4.03,0.714701295,88
flask-talisman,4.03,0.75829117,83
panel,4.03,0.53463589,97
hdbscan,4.03,0.723331353,91
pip-licenses,4.03,0.622730875,85
mkdocs-autorefs,4.03,0.684212959,83
holoviews,4.03,0.663949667,88
zope-sqlalchemy,4.03,0.677676974,81
watchdog,4.0,0.594156137,93
terminado,4.0,0.670111047,82
pyspnego,4.0,0.662242514,80
google-cloud-translate,4.0,0.726369484,90
zopfli,4.0,0.703968313,76
tweepy,4.0,0.58138464,85
y-py,4.0,0.708342595,82
google-cloud-dataflow-client,4.0,0.793617954,82
testtools,4.0,0.758420375,74
ruptures,4.0,0.749144012,79
textstat,4.0,0.672710136,64
pyotp,3.97,0.746889899,88
pytest-html,3.97,0.738219697,91
pyinstaller,3.97,0.477930654,94
cheroot,3.97,0.579207194,89
papermill,3.97,0.709416663,70
license-expression,3.97,0.624747677,80
flask-restx,3.97,0.572720062,83
nbval,3.97,0.63258141,65
confluent-kafka,3.95,0.708883857,85
jsondiff,3.95,0.797230422,81
watchfiles,3.95,0.673934357,88
cairosvg,3.95,0.606977414,82
blessed,3.95,0.755107973,88
pydash,3.95,0.749393386,88
hydra-core,3.95,0.703524982,89
pytesseract,3.95,0.881957255,60
weasyprint,3.95,0.61670457,85
watchgod,3.95,0.674798123,67
prefect,3.95,0.680404503,94
daphne,3.95,0.72670548,77
transaction,3.95,0.677167922,68
pyftpdlib,3.95,0.756588673,82
dask-ml,3.95,0.581198768,77
pycapnp,3.95,0.735624473,74
mistletoe,3.95,0.618194867,88
hydra-colorlog,3.95,0.721440798,77
cfgrib,3.95,0.624604368,75
honeybadger,3.95,0.759467357,74
isodate,3.92,0.626133602,76
aioconsole,3.92,0.756877841,82
sphinx,3.92,0.46890645,97
flask-cors,3.92,0.745635561,91
pdfminer-six,3.92,0.71203612,89
feedparser,3.92,0.589641365,78
wcmatch,3.92,0.744201537,79
faiss-cpu,3.92,0.688459329,76
pyzstd,3.92,0.801745387,67
category-encoders,3.92,0.742079426,88
google-cloud-os-login,3.92,0.761129846,88
av,3.92,0.811996357,78
yamale,3.92,0.674483868,64
sanic-routing,3.92,0.789985004,74
editdistance,3.92,0.56991935,72
pastedeploy,3.92,0.892780663,79
json-tricks,3.92,0.786223059,78
graphene-sqlalchemy,3.92,0.733049001,67
django-classy-tags,3.92,0.888525473,81
pyftdi,3.92,0.609532024,77
python-statemachine,3.92,0.773956162,85
copulas,3.92,0.760915003,84
google-cloud-appengine-admin,3.92,0.779933551,78
statsd,3.89,0.67315142,82
xarray,3.89,0.550252534,92
robotframework,3.89,0.655660684,94
junitparser,3.89,0.753439284,79
eventlet,3.89,0.573234228,83
soxr,3.89,0.74856956,73
xattr,3.89,0.645731682,71
roman,3.89,0.647170274,71
pylink-square,3.89,0.671641247,79
pyfaidx,3.89,0.728663293,75
distro,3.86,0.745637403,85
linkify-it-py,3.86,0.694979533,74
pydocstyle,3.86,0.580514475,85
xmlschema,3.86,0.678627287,82
myst-parser,3.86,0.62340914,88
asyncssh,3.86,0.752706127,86
allure-python-commons,3.86,0.736197466,88
allure-pytest,3.86,0.736197466,88
portend,3.86,0.780689083,73
cherrypy,3.86,0.560349408,68
autocommand,3.86,0.666641701,63
reactivex,3.86,0.718865564,68
mkdocstrings,3.86,0.609493183,94
transitions,3.86,0.646918677,72
pyupgrade,3.86,0.597996342,85
rarfile,3.86,0.77030498,82
django-reversion,3.86,0.552584507,85
ipyevents,3.86,0.77305628,75
python-logstash-async,3.86,0.75833664,78
cowsay,3.86,0.778634372,81
asciimatics,3.86,0.745547218,62
splinter,3.86,0.61369574,80
icontract,3.86,0.788351543,79
prometheus-client,3.84,0.701921834,100
deepdiff,3.84,0.593962533,88
pipenv,3.84,0.610534931,100
parse,3.84,0.768623697,91
google-cloud-monitoring,3.84,0.743248382,88
google-cloud-tasks,3.84,0.752954473,61
dash,3.84,0.694257887,88
pycares,3.84,0.707018823,74
prophet,3.84,0.69191618,88
bitstring,3.84,0.652412179,82
plumbum,3.84,0.714004146,88
google-cloud-automl,3.84,0.740726671,87
requests-futures,3.84,0.760688079,82
flask-compress,3.84,0.760828192,83
pyphen,3.84,0.671874058,74
utm,3.84,0.691226909,61
bravado-core,3.84,0.60017525,80
google-cloud-filestore,3.84,0.804444361,78
httpstan,3.84,0.648111404,76
catkin-pkg,3.84,0.671641247,73
paramiko-expect,3.84,0.780593218,66
google-cloud-org-policy,3.84,0.779939298,78
scooby,3.84,0.814065493,73
py-moneyed,3.84,0.743341486,74
pygeos,3.84,0.762584626,62
pybreaker,3.84,0.765014587,74
tatsu,3.84,0.678310816,65
curtsies,3.84,0.74347307,81
pylast,3.84,0.604599035,76
hdrhistogram,3.84,0.780564738,78
sqlalchemy-utils,3.81,0.628247334,92
zope-deprecation,3.81,0.683365129,82
pysimdjson,3.81,0.771099478,69
swagger-spec-validator,3.81,0.685415957,68
wrapt,3.78,0.644424397,85
nest-asyncio,3.78,0.779310887,88
pyflakes,3.78,0.716596895,91
overrides,3.78,0.765550305,85
cfgv,3.78,0.661627233,77
fastavro,3.78,0.44844627,91
snowballstemmer,3.78,0.678184531,86
graphframes,3.78,0.617293539,75
einops,3.78,0.621801854,88
tokenize-rt,3.78,0.737351322,73
psycopg,3.78,0.796792606,85
pathvalidate,3.78,0.792662533,75
fs,3.78,0.837003193,65
koalas,3.78,0.724440845,64
psycopg-binary,3.78,0.730249797,83
imagehash,3.78,0.619755407,60
plotnine,3.78,0.721004481,83
peewee,3.78,0.714612039,88
typepy,3.78,0.743828219,70
igraph,3.78,0.700767549,85
aioredis,3.78,0.567946064,64
flaky,3.78,0.761612184,70
jq,3.78,0.603958819,77
aio-pika,3.78,0.570470172,79
python-lsp-jsonrpc,3.78,0.649343356,82
troposphere,3.78,0.564602,97
pyvirtualdisplay,3.78,0.642212709,61
python-graphql-client,3.78,0.65375467,61
tabledata,3.78,0.744186621,70
griffe,3.78,0.630926253,87
pytablewriter,3.78,0.781431763,70
tcolorpy,3.78,0.738504091,70
furo,3.78,0.609136717,88
tox-gh-actions,3.78,0.698813772,74
alive-progress,3.78,0.793236768,77
praat-parselmouth,3.78,0.653559089,74
awacs,3.78,0.749325495,84
python-igraph,3.78,0.685953132,85
discord-webhook,3.78,0.765338141,80
aiohttp-socks,3.78,0.803744986,73
pyserde,3.78,0.760227493,85
lazy,3.78,0.659205986,70
humbug,3.78,0.814587824,71
censys,3.78,0.757787346,87
datetimerange,3.78,0.802868762,70
habanero,3.78,0.774241575,74
monty,3.78,0.723262721,81
fastrlock,3.78,0.659745541,67
djangorestframework-dataclasses,3.78,0.67500072,76
astral,3.78,0.637322823,62
enlighten,3.78,0.666765782,76
mido,3.78,0.741872717,89
wemake-python-styleguide,3.78,0.595199428,84
osmnx,3.78,0.721372583,85
huey,3.78,0.752905872,82
zconfig,3.78,0.674112016,76
polyaxon,3.78,0.817838984,68
colorama,3.76,0.608161838,87
dill,3.76,0.875266364,91
msal-extensions,3.76,0.636734885,73
prometheus-flask-exporter,3.76,0.753739603,85
dacite,3.76,0.917261119,79
timezonefinder,3.76,0.689732414,82
munch,3.76,0.76062461,80
parsimonious,3.76,0.617804206,70
aliyun-python-sdk-core,3.76,0.750060638,88
sudachipy,3.76,0.710139807,74
flask-httpauth,3.76,0.748724182,85
gpiozero,3.76,0.577264666,82
hupper,3.76,0.779050921,86
bitstruct,3.76,0.790316397,65
pandas-flavor,3.76,0.78392787,65
freetype-py,3.76,0.630423647,77
stanza,3.76,0.666195498,82
google-cloud-access-context-manager,3.76,0.775098041,77
wsaccel,3.76,0.720934428,76
cwcwidth,3.76,0.808972105,65
deprecated,3.73,0.764637992,86
joblib,3.73,0.55422828,91
zeep,3.73,0.622049997,84
zope-event,3.73,0.681056551,87
zope-component,3.73,0.670919024,80
awkward,3.73,0.626918034,88
colander,3.73,0.853475272,74
awkward-cpp,3.73,0.600041774,88
click-repl,3.7,0.768350743,85
ansible,3.7,0.419329507,94
pytest-timeout,3.7,0.749018432,77
ansible-core,3.7,0.444224924,91
audioread,3.7,0.759534943,400
imageio-ffmpeg,3.7,0.759924598,79
parsel,3.7,0.734073436,82
albumentations,3.7,0.562946372,82
plac,3.7,0.775439098,82
yaspin,3.7,0.692735626,85
torchdata,3.7,0.652340668,90
tabula-py,3.7,0.68959074,85
apeye,3.7,0.69036068,73
jplephem,3.7,0.776953514,69
devtools,3.7,0.640750341,82
honeycomb-beeline,3.7,0.743933374,76
prompt-toolkit,3.68,0.533771177,87
mako,3.68,0.724663404,81
makefun,3.68,0.647934475,76
python-jose,3.68,0.744004251,83
python-http-client,3.68,0.730229616,79
scp,3.68,0.89750686,87
incremental,3.68,0.780077566,80
python-crfsuite,3.68,0.610939872,78
portpicker,3.68,0.780391047,85
pygsheets,3.68,0.720282751,78
pamqp,3.68,0.778479146,62
dependency-injector,3.68,0.545484215,75
configspace,3.68,0.608756263,71
fqdn,3.65,0.790177857,68
graphql-core,3.65,0.609022286,77
pycocotools,3.65,0.638170808,79
lmdb,3.65,0.563361468,78
pyshp,3.65,0.884686944,400
translationstring,3.65,0.694935315,73
dm-haiku,3.65,0.725169554,82
whatthepatch,3.65,0.703835479,74
pytrends,3.65,0.724942069,77
freezegun,3.62,0.714028646,82
google-cloud-aiplatform,3.62,0.716396937,91
marshmallow-dataclass,3.62,0.747840851,85
pylint-django,3.62,0.728110087,78
sacrebleu,3.62,0.608349106,73
queuelib,3.62,0.775253766,64
sounddevice,3.62,0.700879747,81
dropbox,3.62,0.717837712,86
gluestick,3.62,0.811741102,67
grpc-stubs,3.62,0.768073142,76
mdit-py-plugins,3.59,0.659930941,83
gast,3.59,0.646627387,80
croniter,3.59,0.588978881,87
email-validator,3.59,0.630894507,89
colorlog,3.59,0.745257102,74
sendgrid,3.59,0.590380559,95
blis,3.59,0.758225791,75
flask-babel,3.59,0.819616894,85
yappi,3.59,0.678600111,76
colorful,3.59,0.923863573,78
pygame,3.59,0.440866313,91
aiofile,3.59,0.640381453,82
plaster-pastedeploy,3.59,0.809354875,76
colorcet,3.59,0.904191917,68
markdownify,3.59,0.63779794,65
aws-error-utils,3.59,0.66815479,62
gspread-pandas,3.59,0.76740652,75
pylsqpack,3.59,0.674739939,62
coincurve,3.59,0.618938005,71
frozen-flask,3.59,0.740603206,64
pytest-metadata,3.57,0.76931819,86
ephem,3.57,0.581849179,81
httpx-auth,3.57,0.9346838,76
requests-oauthlib,3.54,0.575774868,85
python-dotenv,3.54,0.580229603,92
pytest-cov,3.54,0.717193719,89
pyathena,3.54,0.755385655,85
amqp,3.54,0.576989575,81
srsly,3.54,0.685744364,85
catalogue,3.54,0.777744303,85
editables,3.54,0.684086472,77
configargparse,3.54,0.608540586,85
filetype,3.54,0.748635892,78
itemloaders,3.54,0.736808549,74
django-crispy-forms,3.54,0.663491513,86
netmiko,3.54,0.678841051,76
bqplot,3.54,0.583717921,82
varname,3.54,0.724995802,70
sniffio,3.51,0.700285548,82
shellingham,3.51,0.690978053,88
backoff,3.51,0.745839577,77
openai,3.51,0.755717343,91
natsort,3.51,0.752249236,87
cfn-flip,3.51,0.622500159,64
configupdater,3.51,0.647284526,68
python-engineio,3.51,0.735403951,85
pyquery,3.51,0.860643402,79
dictdiffer,3.51,0.636157382,68
haversine,3.51,0.755139787,74
selenium-wire,3.51,0.683282895,77
publicsuffixlist,3.51,0.806537939,74
warlock,3.51,0.690986871,62
torch-optimizer,3.51,0.680294052,65
imgkit,3.51,0.805543584,71
google-cloud-runtimeconfig,3.51,0.757665408,68
deprecation-alias,3.51,0.675491399,68
woodwork,3.51,0.678977749,84
uc-micro-py,3.49,0.747343328,71
tld,3.49,0.693397225,77
exif,3.49,0.522804171,80
jsonpatch,3.46,0.749537058,84
jupyterlab-widgets,3.46,0.659850144,97
spacy,3.46,0.474787772,91
scandir,3.46,0.756798136,81
hologram,3.46,0.644190876,74
django-extensions,3.46,0.764074554,88
yfinance,3.46,0.646017982,79
itemadapter,3.46,0.793964849,70
django-appconf,3.46,0.754992359,61
pefile,3.46,0.729340223,78
pyahocorasick,3.46,0.613519146,75
fastcore,3.46,0.593281123,82
formulaic,3.46,0.663835272,73
jiwer,3.46,0.786388069,77
pylint-gitlab,3.46,0.617781325,85
exifread,3.46,0.598595896,66
xdoctest,3.46,0.713137449,66
pwntools,3.46,0.655178293,84
ptyprocess,3.43,0.78223555,78
cloudpickle,3.43,0.729166061,88
python-multipart,3.43,0.636949188,84
multipledispatch,3.43,0.761727319,83
clickhouse-driver,3.43,0.714825563,85
wand,3.43,0.634753618,83
marko,3.43,0.62535658,79
mitmproxy,3.43,0.629930575,90
circus,3.43,0.571022832,68
featuretools,3.43,0.574817735,88
google-cloud-audit-log,3.41,0.778380999,88
starlette-context,3.41,0.725278406,68
chardet,3.38,0.740379799,90
entrypoints,3.38,0.644305416,70
fasteners,3.38,0.612197614,88
hyperframe,3.38,0.765127849,73
murmurhash,3.38,0.812542334,80
cymem,3.38,0.78064557,82
spacy-loggers,3.38,0.713739828,77
voluptuous,3.38,0.649135741,80
python-box,3.38,0.821633538,85
pydyf,3.38,0.691145769,82
polib,3.38,0.757345217,74
pipreqs,3.38,0.740760673,88
tinydb,3.38,0.644621368,83
pebble,3.38,0.750582287,68
jmp,3.38,0.787172619,63
pycognito,3.38,0.617485632,71
hmmlearn,3.38,0.605085399,76
tavern,3.38,0.651540072,88
arxiv,3.38,0.772049162,80
djangorestframework-gis,3.38,0.726074227,68
tuspy,3.38,0.693009023,77
simple-term-menu,3.38,0.705760617,71
qtawesome,3.38,0.880156787,78
nodeenv,3.35,0.718191184,81
isoduration,3.35,0.699976565,70
typed-ast,3.35,0.662233347,67
google-cloud-dataproc,3.35,0.74424516,58
boltons,3.35,0.723007256,83
cx-oracle,3.35,0.613588415,85
wordcloud,3.35,0.647837017,82
atlassian-jwt-auth,3.35,0.767981805,74
aiormq,3.35,0.608508499,74
pyserial-asyncio,3.35,0.630015096,61
mlxtend,3.35,0.699821532,82
circuitbreaker,3.35,0.639225963,74
grpc-interceptor,3.35,0.65021694,78
bravado,3.35,0.605274155,61
snakeviz,3.35,0.685235515,74
django-solo,3.35,0.61431502,77
simpleitk,3.35,0.636978567,90
dm-control,3.35,0.748539899,86
paramiko,3.32,0.669730769,84
requests-ntlm,3.32,0.758384847,80
cron-descriptor,3.3,0.644927099,79
cairocffi,3.3,0.594997398,84
google-cloud-dlp,3.3,0.748502629,58
jdcal,3.3,0.781127651,67
shortuuid,3.3,0.675813699,84
py-cpuinfo,3.3,0.766456127,77
google-cloud-videointelligence,3.3,0.731132386,58
elementpath,3.3,0.643705198,74
pmdarima,3.3,0.750774173,79
caio,3.3,0.656522753,73
premailer,3.3,0.724003106,64
django-ckeditor,3.3,0.836538061,80
grequests,3.3,0.621951249,71
sqlitedict,3.3,0.674936956,71
zxcvbn,3.3,0.70027158,61
pylogbeat,3.3,0.831570031,67
gpsoauth,3.3,0.77542685,79
threadpoolctl,3.27,0.710270602,85
jsonpointer,3.27,0.778733765,85
setproctitle,3.27,0.664442386,81
simpleeval,3.27,0.685655663,71
sparqlwrapper,3.27,0.670648523,64
django-compressor,3.27,0.676399093,89
nptyping,3.27,0.786029828,68
plotly,3.24,0.628840967,97
starkbank-ecdsa,3.24,0.669023772,78
great-expectations-experimental,3.24,0.625580398,82
chart-studio,3.24,0.654365499,75
tzlocal,3.22,0.67877519,84
python-json-logger,3.22,0.597006155,88
matplotlib-inline,3.22,0.622476295,73
addict,3.22,0.769963802,73
ffmpy,3.22,0.790608291,74
ipdb,3.22,0.593128687,81
python-decouple,3.22,0.750972652,75
jsonref,3.22,0.780124423,72
dominate,3.22,0.756600665,80
social-auth-app-django,3.22,0.586708796,91
mss,3.22,0.630804577,83
dataproperty,3.22,0.937568973,70
qdldl,3.22,0.802990579,62
workalendar,3.22,0.633957657,77
confuse,3.22,0.768729785,68
spacy-alignments,3.22,0.730245012,70
pypinyin,3.22,0.742944998,84
gmplot,3.22,0.618188904,64
databricks-cli,3.19,0.57980099,91
requests-file,3.19,0.78677135,70
flask-caching,3.19,0.717657355,69
eth-account,3.19,0.614968324,79
umap-learn,3.19,0.641052331,91
josepy,3.19,0.659504647,62
django-mptt,3.19,0.690065963,88
glean-parser,3.19,0.764591294,84
asyncio-nats-client,3.19,0.748429663,67
aioprometheus,3.19,0.775072021,68
google-ads,3.16,0.747303509,88
msoffcrypto-tool,3.16,0.786197967,76
hug,3.16,0.709885625,62
mccabe,3.14,0.899157905,83
secretstorage,3.14,0.724188097,72
aioitertools,3.14,0.783561809,82
multiprocess,3.14,0.920651519,86
pure-eval,3.14,0.799310003,68
python-slugify,3.14,0.748462234,83
docstring-parser,3.14,0.633472179,78
wsproto,3.14,0.689471338,80
sshtunnel,3.14,0.683100264,80
thinc,3.14,0.551039203,85
preshed,3.14,0.768399029,82
pylint-plugin-utils,3.14,0.780588649,72
automat,3.14,0.749980862,81
dm-tree,3.14,0.768635328,80
funcy,3.14,0.751538938,75
robotframework-requests,3.14,0.874252877,80
django-js-asset,3.14,0.798982647,70
dnslib,3.14,0.623175254,68
zstd,3.14,0.691395088,66
ptpython,3.14,0.610873286,72
pyct,3.14,0.923984466,62
humiolib,3.14,0.790559735,81
numdifftools,3.14,0.771375133,62
mdutils,3.14,0.644260553,81
janome,3.14,0.767419655,80
parsy,3.14,0.777929266,75
bitmath,3.14,0.775946131,60
hypothesis-jsonschema,3.14,0.792282133,78
tbump,3.14,0.692968387,77
rtoml,3.14,0.671641247,68
qrcode,3.11,0.735210432,78
eth-abi,3.11,0.622011937,85
sudachidict-core,3.11,0.70748233,80
cvxopt,3.11,0.642166633,79
cpplint,3.11,0.574689652,71
funcparserlib,3.11,0.785623436,62
pyxirr,3.11,0.670064086,70
tomli,3.05,0.70663582,73
cached-property,3.05,0.759226144,82
installer,3.05,0.642151618,92
pandocfilters,3.05,0.749316962,76
hpack,3.05,0.75988039,76
zstandard,3.05,0.638496138,82
frozendict,3.05,0.775212705,79
aiosqlite,3.05,0.831619249,86
ghp-import,3.05,0.671641247,66
ifaddr,3.05,0.615885365,65
scs,3.05,0.679489814,64
logzero,3.05,0.779158956,61
doit,3.05,0.721281804,65
icecream,3.05,0.760474772,62
pdbpp,3.05,0.746460224,61
rdkit-pypi,3.05,0.797545425,62
honcho,3.05,0.605870009,64
datapackage,3.05,0.743676782,60
akshare,3.05,0.621136395,87
geonamescache,3.05,0.671641247,68
adjusttext,3.05,0.791224875,66
patsy,3.03,0.767246895,84
boto,3.03,0.49978448,82
hypothesis,3.03,0.478982695,100
ray,3.03,0.496479929,82
altgraph,3.03,0.648632331,75
hexbytes,3.03,0.778165779,76
eradicate,3.03,0.638618758,77
rpyc,3.03,0.601189134,78
submitit,3.03,0.686054831,90
django-grappelli,3.03,0.565375952,85
xmltodict,3.0,0.758371323,79
textfsm,3.0,0.702461172,68
pytest-runner,2.97,0.76844719,73
semantic-version,2.97,0.692931909,76
pathos,2.97,0.936625473,88
pathy,2.97,0.789206408,78
convertdate,2.97,0.640772887,67
locket,2.97,0.804820293,68
parse-type,2.97,0.831273596,72
pympler,2.97,0.603160719,67
gdown,2.97,0.761759001,76
readchar,2.97,0.760558739,75
mbstrdecoder,2.97,0.810147226,67
diff-match-patch,2.97,0.957075661,77
strictyaml,2.97,0.671641247,75
pyscreenshot,2.97,0.62872184,68
coveralls,2.97,0.589477288,64
ghapi,2.97,0.671641247,75
hstspreload,2.97,0.800496396,66
tableschema,2.97,0.678659886,60
google-api-python-client-stubs,2.97,0.819836692,68
throttler,2.97,0.758071102,62
srt,2.97,0.731817321,65
html-sanitizer,2.97,0.785711332,71
meshio,2.97,0.713025905,60
rebulk,2.97,0.803684147,62
zhon,2.97,0.757337243,71
maya,2.97,0.611198006,60
hypothesis-graphql,2.97,0.819689476,71
python-gdcm,2.97,0.814159196,64
tzdata,2.95,0.744991043,85
telethon,2.95,0.603283544,88
eth-typing,2.95,0.631392849,79
pyluach,2.95,0.819074692,63
pywebview,2.95,0.715030573,82
scikit-image,2.92,0.45153039,94
google-apitools,2.92,0.725617754,64
graphql-relay,2.89,0.785591543,62
txaio,2.89,0.697625474,71
pick,2.89,0.770714185,71
py-mini-racer,2.89,0.777190232,64
asgi-correlation-id,2.89,0.641685339,71
jupyterlab-pygments,2.86,0.787011077,76
tabulate,2.84,0.646809249,80
toml,2.84,0.660148803,84
python-magic,2.84,0.59347194,81
tblib,2.81,0.706811729,87
python-redis-lock,2.81,0.760296662,69
casefy,2.81,0.847646259,62
puremagic,2.81,0.819686038,62
ipyleaflet,2.81,0.714374967,79
tldextract,2.78,0.668804317,86
google-python-cloud-debugger,2.78,0.618421684,79
imap-tools,2.78,0.634238001,80
pyheif,2.78,0.78977818,72
ropgadget,2.78,0.741117542,85
pyserial,2.76,0.575906728,75
raven,2.76,0.645435096,67
matrix-client,2.76,0.735369267,60
adal,2.73,0.614407138,64
lazy-object-proxy,2.73,0.748424391,81
pox,2.73,0.951928945,79
ppft,2.73,0.952703423,82
mock,2.7,0.595581417,89
tifffile,2.7,0.745554601,81
ua-parser,2.7,0.677654235,91
fabric,2.7,0.611756936,84
pyaml,2.7,0.777336254,77
eth-utils,2.7,0.612692148,85
dash-bootstrap-components,2.7,0.743496063,85
intelhex,2.7,0.775776024,61
pysimplegui,2.7,0.627136601,82
aiosmtplib,2.7,0.759162327,78
pysam,2.7,0.697125396,85
python-socks,2.7,0.811582128,79
extract-msg,2.7,0.619215326,90
imagecodecs,2.7,0.804555488,73
mo-logs,2.7,0.690129403,67
six,2.68,0.758409361,79
msrest,2.68,0.612067897,76
msrestazure,2.68,0.626316327,76
jsonlines,2.68,0.651731411,79
marshmallow-oneofschema,2.68,0.902389054,64
jsmin,2.68,0.778539786,61
lmfit,2.68,0.720547191,79
flask-restplus,2.68,0.580613696,61
ffmpeg-python,2.65,0.773170421,64
djoser,2.65,0.717875076,80
mip,2.65,0.610947195,72
schema,2.62,0.730696409,84
fuzzywuzzy,2.62,0.726854971,79
dictor,2.59,0.804832354,73
sahi,2.57,0.609061955,73
junit-xml,2.54,0.636618183,70
flask-restful,2.54,0.671641247,89
pynndescent,2.54,0.762716922,85
python-xlib,2.54,0.597369122,71
pytest-shutil,2.54,0.743041183,64
mo-imports,2.54,0.697704728,67
yara-python,2.54,0.670008504,79
ogb,2.54,0.626295379,63
higher,2.54,0.790480317,61
django-parler,2.49,0.730620543,64
appdirs,2.46,0.888058864,77
pydata-google-auth,2.46,0.763527729,79
user-agents,2.46,0.682421343,73
edgegrid-python,2.46,0.626230186,62
livereload,2.46,0.733204188,62
warcio,2.46,0.699083198,60
flask-debugtoolbar,2.46,0.758405984,65
async-generator,2.43,0.798713712,73
jupyter-nbextensions-configurator,2.43,0.763883805,79
schematics,2.43,0.58053486,61
retry,2.41,0.811239802,74
texttable,2.38,0.708822214,79
astor,2.38,0.749288672,80
sphinx-rtd-theme,2.38,0.629932229,97
inject,2.38,0.76096678,77
pyhumps,2.38,0.762604914,80
blessings,2.38,0.631397153,64
eth-keyfile,2.38,0.653791914,69
ecos,2.38,0.605007783,71
impyla,2.38,0.588108463,67
lithium-reducer,2.38,0.780393266,76
virtualenv-clone,2.35,0.690295241,61
dash-html-components,2.35,0.746154305,64
redislite,2.35,0.75524108,90
speechrecognition,2.32,0.66381343,78
pymeeus,2.3,0.801104478,69
python-editor,2.3,0.786718744,67
rlp,2.3,0.756683995,64
eth-keys,2.3,0.63623757,61
fusepy,2.3,0.764794131,64
progress,2.3,0.847170263,62
jieba,2.3,0.749533644,64
missingno,2.3,0.765748829,68
imutils,2.3,0.789233774,61
pynput,2.3,0.74489362,61
keyboard,2.3,0.745238588,61
mo-kwargs,2.3,0.692130929,67
logdna,2.3,0.760845455,82
mongomock,2.27,0.696552973,71
textblob,2.27,0.674532868,64
wtforms-components,2.27,0.688540628,63
face,2.24,0.67497228,63
querystring-parser,2.22,0.791661096,76
ordered-set,2.22,0.64227533,76
stringcase,2.22,0.717076415,71
yacs,2.22,0.716682532,61
influxdb,2.22,0.564366914,64
python-pptx,2.22,0.791386215,76
testfixtures,2.22,0.657708986,82
jaconv,2.22,0.781913187,66
loky,2.22,0.760291568,77
mo-dots,2.22,0.689666754,67
trie,2.22,0.680340061,74
poetry,2.19,0.758202234,97
futures,2.19,0.887318605,81
mechanize,2.19,0.629770619,400
inflection,2.14,0.770302658,76
deprecation,2.14,0.904814892,73
invoke,2.14,0.719891729,85
monotonic,2.14,0.636503748,61
atomicwrites,2.14,0.768767604,64
pyperclip,2.14,0.755261211,79
python-consul,2.14,0.794227323,61
eth-hash,2.14,0.627676632,77
cement,2.14,0.738301182,65
webassets,2.14,0.624786137,64
evdev,2.14,0.595520168,68
mo-future,2.14,0.688521252,67
pysocks,2.11,0.831900379,79
click-plugins,2.11,0.661573384,70
parameterized,2.11,0.753923744,82
plyvel,2.11,0.624497548,68
pickleshare,2.05,0.777251917,76
dataclasses,2.05,0.780690843,74
catboost,2.05,0.491755161,86
bumpversion,2.05,0.637802698,64
arabic-reshaper,2.05,0.908344229,71
geocoder,2.05,0.671641247,61
uplink,2.05,0.679523067,64
asgi-lifespan,2.05,0.657468898,63
mapbox,2.05,0.745416127,60
easygui,2.05,0.606385877,63
ldapdomaindump,2.05,0.785622027,68
htmllistparse,2.05,0.806083003,65
webencodings,2.03,0.720940291,71
text-unidecode,2.03,0.725673181,70
astunparse,2.03,0.780478426,70
cligj,1.97,0.795997241,71
docker-pycreds,1.97,0.675246802,73
pathtools,1.97,0.799422061,70
pytimeparse,1.97,0.793936552,70
pyxlsb,1.97,0.805082709,68
chevron,1.97,0.76550088,61
fastprogress,1.97,0.625938489,71
pysnmp,1.97,0.737630036,67
jsonformatter,1.97,0.671641247,63
graypy,1.97,0.75057081,61
assertpy,1.97,0.7735796,63
stomp-py,1.97,0.669763096,63
pyvis,1.97,0.617515867,71
async-property,1.97,0.831562358,72
pycoingecko,1.97,0.775195324,68
constantly,1.95,0.657936637,70
hjson,1.95,0.75900903,65
pluginbase,1.95,0.80604882,61
pdfrw,1.95,0.768291596,64
cma,1.95,0.645123998,62
sly,1.95,0.71686806,68
qdarkstyle,1.95,0.740389164,71
backcall,1.89,0.836479519,68
pytzdata,1.89,0.682888687,70
imagesize,1.89,0.768031625,76
pydot,1.89,0.892554698,80
langcodes,1.89,0.783402734,70
korean-lunar-calendar,1.89,0.683837011,64
terminaltables,1.89,0.709934189,70
binaryornot,1.89,0.639795876,79
gspread-dataframe,1.89,0.794822018,65
memoization,1.89,0.671641247,61
jsonfield,1.89,0.881993421,64
radon,1.89,0.777430447,74
coolname,1.89,0.811555134,65
speedtest-cli,1.89,0.708125808,58
gspread-formatting,1.89,0.809608017,62
pyjks,1.89,0.775312955,60
unicodecsv,1.86,0.702218085,79
alabaster,1.86,0.76464152,88
aws-requests-auth,1.86,0.791464509,70
furl,1.86,0.77057405,61
grandalf,1.86,0.794481358,66
fhir-resources,1.86,0.785664653,72
python-bidi,1.81,0.811572677,61
facebook-sdk,1.81,0.583607336,67
cloudscraper,1.81,0.651065977,73
tableschema-to-template,1.81,0.738553499,62
pyowm,1.81,0.742503026,69
glfw,1.73,0.766715474,70
ndg-httpsclient,1.7,0.64077686,64
mercantile,1.65,0.750732099,64
aenum,1.62,0.652320493,81
parsedatetime,1.49,0.743418583,80
pyppeteer,1.46,0.743682108,70
python-docx,1.41,0.781219796,69
django-polymorphic,1.3,0.594100767,67
cfscrape,1.24,0.775767654,61
dicttoxml,1.16,0.784279036,66
mergedeep,1.08,0.827559147,70
requests-html,1.08,0.59463491,61
typing-extensions,0.0,0.658811077,94
pytz,0.0,0.786790187,85
numpy,0.0,0.260893907,94
protobuf,0.0,0.796701697,93
pydantic,0.0,0.613224668,94
distlib,0.0,0.735784534,84
iniconfig,0.0,0.633863657,81
pathspec,0.0,0.620044198,85
pexpect,0.0,0.671641247,84
ruamel-yaml,0.0,0.627899463,87
py,0.0,0.847723825,80
poetry-plugin-export,0.0,0.757392846,88
future,0.0,0.671641247,90
cachecontrol,0.0,0.605549023,89
awswrangler,0.0,0.55066192,100
rich,0.0,0.65949082,94
pycodestyle,0.0,0.70649497,97
termcolor,0.0,0.758324166,81
uritemplate,0.0,0.689428078,78
pyspark,0.0,0.395745468,90
ply,0.0,0.671641247,80
sortedcontainers,0.0,0.630070068,79
blinker,0.0,0.904775473,87
xlrd,0.0,0.676061779,80
nbconvert,0.0,0.64236639,100
mdurl,0.0,0.828002022,70
ipykernel,0.0,0.533927788,97
jupyter-server,0.0,0.500627338,97
tensorflow,0.0,0.398983919,94
astroid,0.0,0.515121592,91
pyproject-hooks,0.0,0.636793978,86
pylint,0.0,0.443560138,100
pbr,0.0,0.671641247,83
numba,0.0,0.671641247,94
tensorflow-estimator,0.0,0.642168592,91
crashtest,0.0,0.812098482,72
comm,0.0,0.668448879,82
cleo,0.0,0.882775504,91
great-expectations,0.0,0.620973806,94
humanfriendly,0.0,0.756687242,76
ipywidgets,0.0,0.650128916,91
notebook-shim,0.0,0.508616654,89
keras,0.0,0.609034932,94
jupyter-events,0.0,0.632209011,88
torch,0.0,0.304238481,94
execnet,0.0,0.610734503,88
selenium,0.0,0.528159757,97
docopt,0.0,0.754159481,76
unidecode,0.0,0.742305746,87
retrying,0.0,0.646692633,72
jupyter-server-terminals,0.0,0.647333286,85
thrift,0.0,0.671641247,90
python-gnupg,0.0,0.619213378,85
trio-websocket,0.0,0.707302245,91
shap,0.0,0.616125903,88
accelerate,0.0,0.713698991,100
coloredlogs,0.0,0.764199309,77
wandb,0.0,0.594134573,88
fire,0.0,0.731770395,91
slicer,0.0,0.747265624,68
kfp,0.0,0.508586883,85
validators,0.0,0.670220531,91
holidays,0.0,0.674455247,97
kfp-server-api,0.0,0.64032791,91
pycountry,0.0,0.619416466,73
avro,0.0,0.519627176,93
flask-sqlalchemy,0.0,0.554159994,97
xlwt,0.0,0.671641247,65
qtconsole,0.0,0.696463892,91
lit,0.0,0.553132475,94
langchain,0.0,0.544157107,88
wasabi,0.0,0.700858514,83
nose,0.0,0.740284046,82
triton,0.0,0.758421019,94
hatchling,0.0,0.631612884,91
jupyter-console,0.0,0.671641247,85
botocore-stubs,0.0,0.819958265,78
torchmetrics,0.0,0.594496058,100
python-levenshtein,0.0,0.830421152,84
nbclassic,0.0,0.659664648,83
lazy-loader,0.0,0.668272452,85
dpath,0.0,0.622379151,83
ninja,0.0,0.831989329,82
ratelimit,0.0,0.663913118,76
timm,0.0,0.644940361,82
types-awscrt,0.0,0.758317198,75
confection,0.0,0.794639802,82
onnxruntime,0.0,0.465059418,91
lightning-utilities,0.0,0.768686476,79
asyncio,0.0,0.847593079,61
cachelib,0.0,0.636127403,87
promise,0.0,0.765197434,73
pydub,0.0,0.671641247,76
tensorflow-metadata,0.0,0.745719297,82
cramjam,0.0,0.650801784,79
maxminddb,0.0,0.746547134,85
cloudevents,0.0,0.77659522,88
tiktoken,0.0,0.671641247,82
supervisor,0.0,0.618062041,82
hdfs,0.0,0.770193122,82
funcsigs,0.0,0.644259802,73
pyhive,0.0,0.749354267,85
elastic-transport,0.0,0.699022907,82
sentence-transformers,0.0,0.639837081,71
ml-dtypes,0.0,0.671641247,85
pypandoc,0.0,0.726874952,84
flask-session,0.0,0.793616364,77
pypika,0.0,0.74549582,78
python-swiftclient,0.0,0.518225382,86
youtube-dl,0.0,0.523191372,80
hijri-converter,0.0,0.675220291,79
looker-sdk,0.0,0.601524518,90
pyhocon,0.0,0.724728534,71
cmaes,0.0,0.934951794,73
gcloud,0.0,0.492225148,79
rasterio,0.0,0.589463987,91
opentracing,0.0,0.754787866,61
cftime,0.0,0.734681268,63
grpclib,0.0,0.642208289,81
pypdf,0.0,0.690325876,94
dynaconf,0.0,0.701653788,94
bottle,0.0,0.671641247,77
sphinxcontrib-jquery,0.0,0.671641247,66
googlemaps,0.0,0.585005615,83
pyudev,0.0,0.743294627,80
affine,0.0,0.769111939,72
hyperopt,0.0,0.671641247,64
kaleido,0.0,0.661613458,61
fakeredis,0.0,0.568839858,90
pynamodb,0.0,0.569020768,88
pandas-stubs,0.0,0.7327558,88
webob,0.0,0.632476384,77
timeout-decorator,0.0,0.704842602,61
sphinx-autodoc-typehints,0.0,0.657330567,88
jsonmerge,0.0,0.800465581,73
fake-useragent,0.0,0.655140918,88
paho-mqtt,0.0,0.671641247,73
msgpack-python,0.0,0.671641247,67
dockerpty,0.0,0.77521473,61
click-default-group,0.0,0.799949211,80
rx,0.0,0.833949392,70
flatten-json,0.0,0.766573887,61
dash-core-components,0.0,0.694344765,67
dash-table,0.0,0.564509524,69
duckdb,0.0,0.632121447,94
jwcrypto,0.0,0.612471226,80
appium-python-client,0.0,0.643160688,91
aiohttp-cors,0.0,0.632374749,64
autoflake,0.0,0.759972728,88
array-record,0.0,0.805042113,85
peppercorn,0.0,0.786901741,61
cliff,0.0,0.591782514,76
fasttext,0.0,0.596459262,67
phik,0.0,0.784103622,63
svglib,0.0,0.674893175,77
gpustat,0.0,0.764192151,82
orbax-checkpoint,0.0,0.671641247,87
olefile,0.0,0.761452775,58
pydispatcher,0.0,0.684642318,63
dj-database-url,0.0,0.591268663,91
zeroconf,0.0,0.700618281,88
bitsandbytes,0.0,0.628440887,89
palettable,0.0,0.671641247,80
jsonpath-rw,0.0,0.772896934,61
fpdf,0.0,0.773364021,61
intervaltree,0.0,0.770199567,64
construct,0.0,0.671641247,67
pystache,0.0,0.753531244,79
simple-websocket,0.0,0.746999869,82
pyusb,0.0,0.671641247,68
evaluate,0.0,0.576360304,83
autobahn,0.0,0.555220871,83
googleads,0.0,0.769925108,88
deepmerge,0.0,0.66495816,68
requests-cache,0.0,0.587670809,91
nox,0.0,0.721001077,89
mongoengine,0.0,0.780728663,86
odfpy,0.0,0.63417374,64
jupyter-ydoc,0.0,0.644051039,85
hatch,0.0,0.63175841,80
pdfkit,0.0,0.751340945,67
click-help-colors,0.0,0.653581377,79
crccheck,0.0,0.694356923,63
hnswlib,0.0,0.625238198,78
naked,0.0,0.809601718,66
robotframework-jsonlibrary,0.0,0.671641247,61
sktime,0.0,0.575780156,94
sqlparams,0.0,0.737918625,63
ortools,0.0,0.656120218,97
moviepy,0.0,0.671870351,68
slacker,0.0,0.674742393,61
pyautogui,0.0,0.748294052,74
pyscreeze,0.0,0.776258033,70
anytree,0.0,0.761463061,77
paste,0.0,0.72958386,79
halo,0.0,0.755382427,67
validate-email,0.0,0.710492295,61
ml-collections,0.0,0.767074014,70
ypy-websocket,0.0,0.716770039,79
plaid-python,0.0,0.734141695,88
jupyter-server-ydoc,0.0,0.627052631,77
pytweening,0.0,0.812711999,71
jupyter-server-fileid,0.0,0.671641247,67
editorconfig,0.0,0.615175815,70
fixtures,0.0,0.774022454,74
frictionless,0.0,0.713074339,94
webtest,0.0,0.671641247,68
polyline,0.0,0.92683997,79
oci,0.0,0.733354928,90
rauth,0.0,0.595276741,61
jsbeautifier,0.0,0.671641247,80
clickhouse-sqlalchemy,0.0,0.748416767,82
scikit-optimize,0.0,0.585938872,64
luigi,0.0,0.505522647,91
pydata-sphinx-theme,0.0,0.580181534,88
googletrans,0.0,0.623037385,61
awslambdaric,0.0,0.640042858,90
google-cloud-profiler,0.0,0.657392911,79
clang-format,0.0,0.414793486,79
yattag,0.0,0.704894218,68
hypercorn,0.0,0.745799687,80
crontab,0.0,0.789486779,62
venusian,0.0,0.68258844,72
httpretty,0.0,0.717177621,64
stdlib-list,0.0,0.709881516,76
looseversion,0.0,0.831780352,65
jupyter-contrib-nbextensions,0.0,0.708736527,74
robotframework-pabot,0.0,0.740450452,77
flasgger,0.0,0.581814652,83
gym,0.0,0.678585024,71
ibm-cloud-sdk-core,0.0,0.773854637,85
spacy-transformers,0.0,0.554498727,76
statistics,0.0,0.758331329,72
pyenchant,0.0,0.736753034,65
gymnasium,0.0,0.515667102,93
easydict,0.0,0.654653041,59
pyviz-comms,0.0,0.760711599,79
simpervisor,0.0,0.725931714,73
pydrive,0.0,0.747704527,61
fortnitepy,0.0,0.666419475,74
gnupg,0.0,0.589732133,64
grimp,0.0,0.664988017,76
libsass,0.0,0.666341024,83
plaster,0.0,0.805602846,76
undetected-chromedriver,0.0,0.711254512,79
ipfshttpclient,0.0,0.621951575,72
pyfcm,0.0,0.746546735,65
mobly,0.0,0.726498384,87
pytest-doctestplus,0.0,0.744036139,75
ptvsd,0.0,0.562451143,64
asyncache,0.0,0.648475634,83
pyactiveresource,0.0,0.777673525,60
pyngrok,0.0,0.794940387,81
python-semantic-release,0.0,0.700979631,90
google-cloud-run,0.0,0.811894152,81
marisa-trie,0.0,0.760984632,82
farama-notifications,0.0,0.671641247,62
capstone,0.0,0.671641247,88
typed-argument-parser,0.0,0.691677843,72
flask-testing,0.0,0.738015415,60
xdg,0.0,0.724557075,71
django-autocomplete-light,0.0,0.69239186,82
accessible-pygments,0.0,0.683862722,68
pymodbus,0.0,0.639758557,85
nextcord,0.0,0.518066187,90
sphinx-gallery,0.0,0.638823712,81
djangorestframework-camel-case,0.0,0.753477442,72
wikipedia,0.0,0.68507862,61
linear-operator,0.0,0.745780557,84
apeye-core,0.0,0.684121949,68
sphinx-click,0.0,0.677831262,78
deap,0.0,0.747553457,80
hyperpyyaml,0.0,0.83650795,76
httpie-edgegrid,0.0,0.77332306,75
gptcache,0.0,0.671641247,85
shodan,0.0,0.67806785,80
quart,0.0,0.723243815,87
kaggle,0.0,0.754869091,86
tracerite,0.0,0.671641247,63
pandoc,0.0,0.673691053,62
feature-engine,0.0,0.742634461,82
copier,0.0,0.723448927,85
jaxtyping,0.0,0.794406865,85
google-search-results,0.0,0.780160158,74
vobject,0.0,0.674890024,60
dbus-fast,0.0,0.642201275,76
ebooklib,0.0,0.613535185,72
python-whois,0.0,0.739410472,60
zmq,0.0,0.616716589,69
clvm-tools-rs,0.0,0.63244418,76
events,0.0,0.651184651,74
skyfield,0.0,0.668021122,65
pyshorteners,0.0,0.75931611,60
pytools,0.0,0.812442757,77
impacket,0.0,0.833352061,88
scikit-surprise,0.0,0.747884945,65
gluonts,0.0,0.567195481,87
graphql-server-core,0.0,0.765123844,64
hera,0.0,0.831976837,87
hvplot,0.0,0.601694916,79
textual,0.0,0.645770809,90
spglib,0.0,0.630772396,84
flex,0.0,0.7439606,60
chameleon,0.0,0.720923782,81
django-haystack,0.0,0.688572416,74
posix-ipc,0.0,0.797829208,65
traceml,0.0,0.646818268,75
datatile,0.0,0.856778149,66
simpy,0.0,0.717180499,74
recordclass,0.0,0.671641247,70
pymediainfo,0.0,0.76920818,65
flask-graphql,0.0,0.774780683,61
uhashring,0.0,0.716611056,65
sphinxcontrib-napoleon,0.0,0.493103644,72
pilkit,0.0,0.632809069,78
anndata,0.0,0.619064236,87
moz-sql-parser,0.0,0.61673699,60
internetarchive,0.0,0.59202748,82
asyncua,0.0,0.706856141,85
laspy,0.0,0.590745689,84
sudachidict-full,0.0,0.70748233,77
pymoo,0.0,0.671641247,68
clint,0.0,0.597938569,60
googlesearch-python,0.0,0.67852155,66
stem,0.0,0.671641247,78
contextily,0.0,0.760495787,81
pingouin,0.0,0.74656162,74
feedgen,0.0,0.671641247,61
zodb,0.0,0.644022088,70
networkit,0.0,0.671641247,80
grpc-requests,0.0,0.667912832,73
vispy,0.0,0.583613367,93
psygnal,0.0,0.787258229,76
jsonrpcclient,0.0,0.77197648,68
hatch-nodejs-version,0.0,0.6627666,76
pyld,0.0,0.763935796,67
dgl,0.0,0.633824364,85
keystonemiddleware,0.0,0.671641247,85
gpy,0.0,0.590372152,82
python-barbicanclient,0.0,0.558923516,78
findlibs,0.0,0.66309125,65
pyasn,0.0,0.774367131,76
eccodes,0.0,0.629899084,76
nipype,0.0,0.763823413,80
docopt-ng,0.0,0.744474024,82
hacking,0.0,0.583187637,84
openslide-python,0.0,0.790497792,79
ics,0.0,0.742569421,71
xblock,0.0,0.648798271,72
superqt,0.0,0.699630808,84
spacy-lookups-data,0.0,0.556411358,71
hdijupyterutils,0.0,0.625086798,82
quantities,0.0,0.73627472,71
web-fragments,0.0,0.691291571,78
polyglot,0.0,0.755000573,64
pyopencl,0.0,0.661513932,79
python-intercom,0.0,0.75931312,58
guessit,0.0,0.752072344,77
lazy-imports,0.0,0.710952036,68
django-tastypie,0.0,0.692087643,90
eel,0.0,0.627951552,68
httpbin,0.0,0.578815096,84
timing-asgi,0.0,0.671641247,71
python-gettext,0.0,0.810067186,62
horovod,0.0,0.555427699,85
sigfig,0.0,0.745866671,70
earthengine-api,0.0,0.671641247,86
casadi,0.0,0.671641247,76
async-upnp-client,0.0,0.75250062,78
hdx-python-country,0.0,0.668818858,76
hdx-python-utilities,0.0,0.668477021,74
libhxl,0.0,0.652071337,70
aiohttp-client-cache,0.0,0.636301679,81
colourmap,0.0,0.847073608,61
healpy,0.0,0.574886053,81
fanstatic,0.0,0.625700035,75
adafruit-blinka,0.0,0.70691724,87
daiquiri,0.0,0.774508445,60
powerline-status,0.0,0.545265131,69
gpt-index,0.0,0.588089183,81
bibtexparser,0.0,0.744614387,87
grad-cam,0.0,0.771768214,74
adafruit-platformdetect,0.0,0.713165582,84
python-jsonschema-objects,0.0,0.671641247,78
magicgui,0.0,0.755689243,81
dowhy,0.0,0.587850513,85
leidenalg,0.0,0.64594811,76
geemap,0.0,0.742363633,90
xds-protos,0.0,0.649163248,93
mpire,0.0,0.667873806,78
